{"cameraMode":{"drawMode":0,"name":"Shaded","section":"Shading Mode"},"sceneLighting":true,"audioPlay":false,"sceneViewState":{"showFog":true,"showMaterialUpdate":false,"showSkybox":true,"showFlares":true,"showImageEffects":true,"showParticleSystems":true},"in2DMode":false,"pivot":{"x":83.01710510253906,"y":8.987890243530274,"z":160.14877319335938},"rotation":{"x":0.09711539000272751,"y":0.3469947576522827,"z":-0.03615092486143112,"w":0.932124674320221},"size":53.610595703125,"orthographic":false}